[{"obj_app": "itsi", "obj_shared_by_inclusion": true, "obj_type": "correlation_search", "obj_storename": "itsi_correlation_search", "_user": "nobody", "obj_acl": {"obj_owner": "nobody", "read": ["*"], "delete": ["*"], "write": ["*"]}, "acl_id": "516e8bf8-fbe5-11e7-8b8f-0050568d8289", "_key": "516e8bf8-fbe5-11e7-8b8f-0050568d8289", "obj_id": "Monitor Critical Service Based on HealthScore", "acl_owner": "nobody"}, {"obj_app": "itsi", "obj_shared_by_inclusion": true, "obj_type": "notable_aggregation_policy", "obj_storename": "itsi_notable_event_aggregation_policy", "_user": "nobody", "obj_acl": {"obj_owner": "nobody", "write": ["*"], "delete": ["*"], "read": ["*"]}, "acl_id": "54300b59-fbe5-11e7-b0c0-0050568d8289", "_key": "54300b59-fbe5-11e7-b0c0-0050568d8289", "obj_id": "itsi_default_policy", "acl_owner": "nobody"}, {"obj_app": "itsi", "obj_shared_by_inclusion": true, "obj_type": "home_view", "obj_storename": "itsi_service_analyzer", "_user": "nobody", "obj_acl": {"obj_owner": "nobody", "write": ["*"], "delete": ["*"], "read": ["*"]}, "acl_id": "61b5f933-fbe6-11e7-8602-0050568d8289", "_key": "61b5f933-fbe6-11e7-8602-0050568d8289", "obj_id": "mdonnelly", "acl_owner": "nobody"}, {"obj_app": "itsi", "obj_shared_by_inclusion": true, "obj_type": "deep_dive", "obj_storename": "itsi_pages", "_user": "nobody", "obj_acl": {"obj_owner": "nobody", "write": ["*"], "delete": ["*"], "read": ["*"]}, "acl_id": "61c16c99-fbe6-11e7-908c-0050568d8289", "_key": "61c16c99-fbe6-11e7-908c-0050568d8289", "obj_id": "380bd6f8-9997-11e7-88b9-005056a511b0", "acl_owner": "nobody"}, {"obj_app": "itsi", "obj_shared_by_inclusion": true, "obj_type": "notable_aggregation_policy", "obj_storename": "itsi_notable_event_aggregation_policy", "_user": "nobody", "obj_acl": {"obj_owner": "nobody", "write": ["*"], "delete": ["*"], "read": ["*"]}, "acl_id": "61cb0f47-fbe6-11e7-bf77-0050568d8289", "_key": "61cb0f47-fbe6-11e7-bf77-0050568d8289", "obj_id": "58f8e8f41486490d9055a219", "acl_owner": "nobody"}, {"obj_app": "itsi", "obj_shared_by_inclusion": true, "obj_type": "correlation_search", "obj_storename": "itsi_correlation_search", "_user": "nobody", "obj_acl": {"obj_owner": "nobody", "write": ["*"], "delete": ["*"], "read": ["*"]}, "acl_id": "61d560cc-fbe6-11e7-bdc1-0050568d8289", "_key": "61d560cc-fbe6-11e7-bdc1-0050568d8289", "obj_id": "ServiceNow Alert", "acl_owner": "nobody"}, {"obj_app": "itsi", "obj_shared_by_inclusion": true, "obj_type": "correlation_search", "obj_storename": "itsi_correlation_search", "_user": "nobody", "obj_acl": {"obj_owner": "nobody", "write": ["*"], "delete": ["*"], "read": ["*"]}, "acl_id": "61df6740-fbe6-11e7-8f4b-0050568d8289", "_key": "61df6740-fbe6-11e7-8f4b-0050568d8289", "obj_id": "New Relic", "acl_owner": "nobody"}, {"obj_app": "itsi", "obj_shared_by_inclusion": true, "obj_type": "correlation_search", "obj_storename": "itsi_correlation_search", "_user": "nobody", "obj_acl": {"obj_owner": "nobody", "write": ["*"], "delete": ["*"], "read": ["*"]}, "acl_id": "61e4750a-fbe6-11e7-8815-0050568d8289", "_key": "61e4750a-fbe6-11e7-8815-0050568d8289", "obj_id": "Solarwinds Alert", "acl_owner": "nobody"}, {"obj_app": "itsi", "obj_shared_by_inclusion": true, "obj_type": "home_view", "obj_storename": "itsi_service_analyzer", "_user": "nobody", "obj_acl": {"obj_owner": "nobody", "write": ["*"], "delete": ["*"], "read": ["*"]}, "acl_id": "61e98ad4-fbe6-11e7-9911-0050568d8289", "_key": "61e98ad4-fbe6-11e7-9911-0050568d8289", "obj_id": "mdonnelly_splunk", "acl_owner": "nobody"}, {"obj_app": "itsi", "obj_shared_by_inclusion": true, "obj_type": "home_view", "obj_storename": "itsi_service_analyzer", "_user": "nobody", "obj_acl": {"obj_owner": "nobody", "write": ["*"], "delete": ["*"], "read": ["*"]}, "acl_id": "61efc023-fbe6-11e7-9006-0050568d8289", "_key": "61efc023-fbe6-11e7-9006-0050568d8289", "obj_id": "251f96c2-21ea-11e6-b36a-34363bd25dc4", "acl_owner": "nobody"}, {"obj_app": "itsi", "obj_shared_by_inclusion": true, "obj_type": "home_view", "obj_storename": "itsi_service_analyzer", "_user": "nobody", "obj_acl": {"obj_owner": "nobody", "write": ["*"], "delete": ["*"], "read": ["*"]}, "acl_id": "61fa92ae-fbe6-11e7-ba68-0050568d8289", "_key": "61fa92ae-fbe6-11e7-ba68-0050568d8289", "obj_id": "29ca0e97-21ea-11e6-b2c3-34363bd25dc4", "acl_owner": "nobody"}, {"obj_app": "itsi", "obj_shared_by_inclusion": true, "obj_type": "glass_table", "obj_storename": "itsi_pages", "_user": "nobody", "obj_acl": {"obj_owner": "nobody", "write": ["*"], "delete": ["*"], "read": ["*"]}, "acl_id": "6203b302-fbe6-11e7-878f-0050568d8289", "_key": "6203b302-fbe6-11e7-878f-0050568d8289", "obj_id": "2c5632a8-e280-11e6-9bc3-34363bd25dc4", "acl_owner": "nobody"}, {"obj_app": "itsi", "obj_shared_by_inclusion": true, "obj_type": "home_view", "obj_storename": "itsi_service_analyzer", "_user": "nobody", "obj_acl": {"obj_owner": "nobody", "write": ["*"], "delete": ["*"], "read": ["*"]}, "acl_id": "6208e002-fbe6-11e7-95c6-0050568d8289", "_key": "6208e002-fbe6-11e7-95c6-0050568d8289", "obj_id": "itsi_user", "acl_owner": "nobody"}, {"obj_app": "itsi", "obj_shared_by_inclusion": true, "obj_type": "home_view", "obj_storename": "itsi_service_analyzer", "_user": "nobody", "obj_acl": {"obj_owner": "nobody", "write": ["*"], "delete": ["*"], "read": ["*"]}, "acl_id": "620e29f5-fbe6-11e7-9df9-0050568d8289", "_key": "620e29f5-fbe6-11e7-9df9-0050568d8289", "obj_id": "demo_owner", "acl_owner": "nobody"}, {"obj_app": "itsi", "obj_shared_by_inclusion": true, "obj_type": "deep_dive", "obj_storename": "itsi_pages", "_user": "nobody", "obj_acl": {"obj_owner": "nobody", "write": ["*"], "delete": ["*"], "read": ["*"]}, "acl_id": "6218df28-fbe6-11e7-abea-0050568d8289", "_key": "6218df28-fbe6-11e7-abea-0050568d8289", "obj_id": "56a01b121486495389434347", "acl_owner": "nobody"}, {"obj_app": "itsi", "obj_shared_by_inclusion": true, "obj_type": "deep_dive", "obj_storename": "itsi_pages", "_user": "nobody", "obj_acl": {"obj_owner": "nobody", "write": ["*"], "delete": ["*"], "read": ["*"]}, "acl_id": "621e2c6e-fbe6-11e7-b45e-0050568d8289", "_key": "621e2c6e-fbe6-11e7-b45e-0050568d8289", "obj_id": "56a02457148649538943434c", "acl_owner": "nobody"}, {"obj_app": "itsi", "obj_shared_by_inclusion": true, "obj_type": "deep_dive", "obj_storename": "itsi_pages", "_user": "nobody", "obj_acl": {"obj_owner": "nobody", "write": ["*"], "delete": ["*"], "read": ["*"]}, "acl_id": "622396f3-fbe6-11e7-86fb-0050568d8289", "_key": "622396f3-fbe6-11e7-86fb-0050568d8289", "obj_id": "569e8acc14864925b5341086", "acl_owner": "nobody"}, {"obj_app": "itsi", "obj_shared_by_inclusion": true, "obj_type": "deep_dive", "obj_storename": "itsi_pages", "_user": "nobody", "obj_acl": {"obj_owner": "nobody", "write": ["*"], "delete": ["*"], "read": ["*"]}, "acl_id": "62290633-fbe6-11e7-8065-0050568d8289", "_key": "62290633-fbe6-11e7-8065-0050568d8289", "obj_id": "56b14102d91257893c187b39", "acl_owner": "nobody"}, {"obj_app": "itsi", "obj_shared_by_inclusion": true, "obj_type": "deep_dive", "obj_storename": "itsi_pages", "_user": "nobody", "obj_acl": {"obj_owner": "nobody", "write": ["*"], "delete": ["*"], "read": ["*"]}, "acl_id": "6236e41e-fbe6-11e7-ab41-0050568d8289", "_key": "6236e41e-fbe6-11e7-ab41-0050568d8289", "obj_id": "56a025ff1486495389434350", "acl_owner": "nobody"}, {"obj_app": "itsi", "obj_shared_by_inclusion": true, "obj_type": "deep_dive", "obj_storename": "itsi_pages", "_user": "nobody", "obj_acl": {"obj_owner": "nobody", "write": ["*"], "delete": ["*"], "read": ["*"]}, "acl_id": "62459f07-fbe6-11e7-a6ff-0050568d8289", "_key": "62459f07-fbe6-11e7-a6ff-0050568d8289", "obj_id": "56a02531148649538943434f", "acl_owner": "nobody"}, {"obj_app": "itsi", "obj_shared_by_inclusion": true, "obj_type": "deep_dive", "obj_storename": "itsi_pages", "_user": "nobody", "obj_acl": {"obj_owner": "nobody", "write": ["*"], "delete": ["*"], "read": ["*"]}, "acl_id": "624facee-fbe6-11e7-8783-0050568d8289", "_key": "624facee-fbe6-11e7-8783-0050568d8289", "obj_id": "67889587-f850-11e5-9ce4-34363bd25dc4", "acl_owner": "nobody"}, {"obj_app": "itsi", "obj_shared_by_inclusion": true, "obj_type": "deep_dive", "obj_storename": "itsi_pages", "_user": "nobody", "obj_acl": {"obj_owner": "nobody", "write": ["*"], "delete": ["*"], "read": ["*"]}, "acl_id": "62581a78-fbe6-11e7-a46a-0050568d8289", "_key": "62581a78-fbe6-11e7-a46a-0050568d8289", "obj_id": "56a0046d1486490cd1522d95", "acl_owner": "nobody"}, {"obj_app": "itsi", "obj_shared_by_inclusion": true, "obj_type": "deep_dive", "obj_storename": "itsi_pages", "_user": "nobody", "obj_acl": {"obj_owner": "nobody", "write": ["*"], "delete": ["*"], "read": ["*"]}, "acl_id": "626d2a42-fbe6-11e7-9e09-0050568d8289", "_key": "626d2a42-fbe6-11e7-9e09-0050568d8289", "obj_id": "56a1281ed9125722833b3cb2", "acl_owner": "nobody"}, {"obj_app": "itsi", "obj_shared_by_inclusion": true, "obj_type": "home_view", "obj_storename": "itsi_service_analyzer", "_user": "nobody", "obj_acl": {"obj_owner": "nobody", "write": ["*"], "delete": ["*"], "read": ["*"]}, "acl_id": "62735a35-fbe6-11e7-a2aa-0050568d8289", "_key": "62735a35-fbe6-11e7-a2aa-0050568d8289", "obj_id": "5fbb1f68-9d4d-11e7-9216-005056a511b0", "acl_owner": "nobody"}, {"obj_app": "itsi", "obj_shared_by_inclusion": true, "obj_type": "glass_table", "obj_storename": "itsi_pages", "_user": "nobody", "obj_acl": {"obj_owner": "nobody", "write": ["*"], "delete": ["*"], "read": ["*"]}, "acl_id": "6277d142-fbe6-11e7-b88f-0050568d8289", "_key": "6277d142-fbe6-11e7-b88f-0050568d8289", "obj_id": "86f25887-bc32-11e7-b143-005056a511b0", "acl_owner": "nobody"}, {"obj_app": "itsi", "obj_shared_by_inclusion": true, "obj_type": "home_view", "obj_storename": "itsi_service_analyzer", "_user": "nobody", "obj_acl": {"obj_owner": "nobody", "write": ["*"], "delete": ["*"], "read": ["*"]}, "acl_id": "627efe66-fbe6-11e7-8625-0050568d8289", "_key": "627efe66-fbe6-11e7-8625-0050568d8289", "obj_id": "9680af7d-aabd-11e7-a2a0-005056a511b0", "acl_owner": "nobody"}, {"obj_app": "itsi", "obj_shared_by_inclusion": true, "obj_type": "home_view", "obj_storename": "itsi_service_analyzer", "_user": "nobody", "obj_acl": {"obj_owner": "nobody", "write": ["*"], "delete": ["*"], "read": ["*"]}, "acl_id": "62880b51-fbe6-11e7-a4bf-0050568d8289", "_key": "62880b51-fbe6-11e7-a4bf-0050568d8289", "obj_id": "fed1162e-bc34-11e7-be68-005056a511b0", "acl_owner": "nobody"}, {"obj_app": "itsi", "obj_shared_by_inclusion": true, "obj_type": "home_view", "obj_storename": "itsi_service_analyzer", "_user": "nobody", "obj_acl": {"obj_owner": "nobody", "write": ["*"], "delete": ["*"], "read": ["*"]}, "acl_id": "fb8485b5-fbe5-11e7-bdd8-0050568d8289", "_key": "fb8485b5-fbe5-11e7-bdd8-0050568d8289", "obj_id": "admin", "acl_owner": "nobody"}]