[{"service": {"write": "write_itsi_service", "delete": "delete_itsi_service", "read": "read_itsi_service"}, "kpi_threshold_template": {"write": "write_itsi_kpi_threshold_template", "delete": "delete_itsi_kpi_threshold_template", "read": "read_itsi_kpi_threshold_template"}, "notable_event_comment": {"write": "write-notable_event", "delete": "delete-notable_event", "read": "read-notable_event"}, "maintenance_calendar": {"write": "write-maintenance_calendar", "delete": "delete-maintenance_calendar", "read": "read-maintenance_calendar"}, "notable_event_tag": {"write": "write-notable_event", "delete": "delete-notable_event", "read": "read-notable_event"}, "mod_time": 1516242565.86043, "entity_relationship": {"write": "write_itsi_service", "delete": "delete_itsi_service", "read": "read_itsi_service"}, "rbac": {"write": "configure_perms", "delete": "configure_perms", "read": "configure_perms"}, "temporary_kpi": {"write": "write_itsi_temporary_kpi", "delete": "delete_itsi_temporary_kpi", "read": "read_itsi_temporary_kpi"}, "deep_dive": {"interact": "interact_with_itsi_deep_dive", "write": "write_itsi_deep_dive", "delete": "delete_itsi_deep_dive", "read": "read_itsi_deep_dive"}, "backup_restore": {"write": "write_itsi_backup_restore", "delete": "delete_itsi_backup_restore", "read": "read_itsi_backup_restore"}, "home_view": {"interact": "interact_with_itsi_homeview", "write": "write_itsi_homeview", "delete": "delete_itsi_homeview", "read": "read_itsi_homeview"}, "kpi_template": {"write": "write_itsi_service", "delete": "delete_itsi_service", "read": "read_itsi_service"}, "_user": "nobody", "files": {"write": "write_itsi_backup_restore", "delete": "delete_itsi_backup_restore", "read": "read_itsi_backup_restore"}, "event_management_state": {"write": "write_itsi_event_management_state", "delete": "delete_itsi_event_management_state", "read": "read_itsi_event_management_state"}, "entity_relationship_rule": {"write": "write_itsi_service", "delete": "delete_itsi_service", "read": "read_itsi_service"}, "deep_dive_context": {"interact": "interact_with_itsi_deep_dive_context", "write": "write_itsi_deep_dive_context", "delete": "delete_itsi_deep_dive_context", "read": "read_itsi_deep_dive_context"}, "glass_table": {"interact": "interact_with_itsi_glass_table", "write": "write_itsi_glass_table", "delete": "delete_itsi_glass_table", "read": "read_itsi_glass_table"}, "entity": {"write": "write_itsi_service", "delete": "delete_itsi_service", "read": "read_itsi_service"}, "notable_event_action": {"write": "execute-notable_event_action", "read": "read-notable_event_action"}, "correlation_search": {"interact": "interact_with_itsi_correlation_search", "write": "write_itsi_correlation_search", "delete": "delete_itsi_correlation_search", "read": "read_itsi_correlation_search"}, "team": {"write": "write_itsi_service", "delete": "delete_itsi_service", "read": "read_itsi_service"}, "saved_page": null, "kpi": {"write": "write_itsi_service", "delete": "delete_itsi_service", "read": "read_itsi_service"}, "notable_event_ticketing": {"write": "write-notable_event", "delete": "delete-notable_event", "read": "read-notable_event"}, "kpi_base_search": {"write": "write_itsi_kpi_base_search", "delete": "delete_itsi_kpi_base_search", "read": "read_itsi_kpi_base_search"}, "notable_event_aggregation_policy": {"interact": "interact_with_itsi_notable_aggregation_policy", "write": "write_itsi_notable_aggregation_policy", "delete": "delete_itsi_notable_aggregation_policy", "read": "read_itsi_notable_aggregation_policy"}, "_key": "itsi", "notable_event": {"write": "write-notable_event", "delete": "delete-notable_event", "read": "read-notable_event"}, "notable_event_group": {"write": "execute-notable_event_action", "delete": "execute-notable_event_action", "read": "read-notable_event_action"}}]