[{"entity_alias_filtering_fields": null, "is_entity_breakdown": false, "mod_time": "", "title": "Heartbeats", "permissions": {"delete": true, "read": true, "write": true, "user": "nobody", "group": {"write": true, "delete": true, "read": true}}, "object_type": "kpi_base_search", "entity_id_fields": "host", "sec_grp": "default_itsi_security_group", "metric_qualifier": "", "entity_breakdown_id_fields": "", "_user": "nobody", "mod_timestamp": "2018-01-18T00:27:25.238051+00:00", "mod_source": "REST", "_owner": "nobody", "source_itsi_da": "itsi", "identifying_name": "heartbeats", "_key": "59df8a3cc4c642495b32c8e7", "acl": {"can_write": true, "can_share_global": true, "can_share_user": true, "perms": {"write": ["*"], "read": ["*"]}, "can_share_app": true, "modifiable": true, "sharing": "app", "can_change_perms": true, "owner": "admin"}, "alert_lag": "1", "_version": "3.0.1", "alert_period": "1", "actions": "", "base_search": "index=_internal earliest=-20s | head 20 | eval one=1,zero=0, random-pct=random() % 100,random-high=50+random() % 50", "is_service_entity_filter": false, "description": "", "search_alert_earliest": "1", "isFirstTimeSaveDone": true, "metrics": [{"aggregate_statop": "avg", "entity_statop": "avg", "title": "avg-rnd-pct", "_key": "2b3ba3087fd114b3ef76b277", "threshold_field": "random-pct", "unit": ""}, {"aggregate_statop": "max", "entity_statop": "avg", "title": "max-rnd-pct", "_key": "1f4bf5efa5670301d90eb006", "threshold_field": "random-pct", "unit": ""}, {"aggregate_statop": "avg", "entity_statop": "avg", "title": "one", "_key": "771eae6887f242b6ee52671f", "threshold_field": "one", "unit": ""}, {"aggregate_statop": "avg", "entity_statop": "avg", "title": "avg-rnd-high", "_key": "d03dba9a4290cee4ae8acd59", "threshold_field": "random-high", "unit": ""}, {"aggregate_statop": "avg", "entity_statop": "avg", "title": "zero", "_key": "4ddd338881608f3d8138c3b0", "threshold_field": "zero", "unit": ""}]}]
