[{"view": "standard", "serviceFilterString": "", "kpiTilesSettings": {"numTiles": 50, "isFilterEnabled": false}, "latest_time": "now", "mod_time": "", "title": "", "isServiceFilterEnabled": false, "showDisabledServices": 0, "object_type": "home_view", "serviceWhitelist": "", "tileSize": "large", "_user": "nobody", "kpiWhitelist": [], "kpiFilterString": "", "mod_source": "REST", "source_itsi_da": "itsi", "identifying_name": "", "mod_timestamp": "2018-01-18T00:27:35.553077+00:00", "acl": {"can_write": true, "can_share_global": true, "can_share_user": true, "perms": {"write": ["*"], "read": ["*"]}, "can_share_app": true, "modifiable": true, "sharing": "app", "can_change_perms": true, "owner": "admin"}, "_owner": "nobody", "_version": "3.0.1", "serviceTilesSettings": {"numTiles": 50, "isFilterEnabled": false}, "isDefault": true, "searchType": "aggregate", "earliest_time": "-12h", "description": "", "_key": "admin", "isKpiFilterEnabled": false}, {"view": "standard", "kpiTilesSettings": {"numTiles": 50, "isFilterEnabled": false}, "latest_time": "now", "mod_time": "", "title": "", "object_type": "home_view", "serviceWhitelist": "", "tileSize": "large", "_user": "nobody", "kpiWhitelist": [], "mod_timestamp": "2018-01-18T00:27:35.553098+00:00", "mod_source": "REST", "source_itsi_da": "itsi", "identifying_name": "", "acl": {"can_write": true, "can_share_global": true, "can_share_user": true, "perms": {"write": ["*"], "read": ["*"]}, "can_share_app": true, "modifiable": true, "sharing": "app", "can_change_perms": true, "owner": "demo_owner"}, "_owner": "nobody", "_version": "3.0.1", "serviceTilesSettings": {"numTiles": 50, "isFilterEnabled": false}, "isDefault": true, "earliest_time": "-12h", "isServiceFilterEnabled": false, "description": "", "_key": "demo_owner", "isKpiFilterEnabled": false}, {"view": "standard", "mod_time": "2018-01-17 18:39:38", "serviceFilterString": "\"Shared IT Infrastructure\",Networking,Telecom,Authentication,\"Active Directory\",\"Shared Database Environment\",\"Shared Storage\",\"SMTP Infrastructure\",\"Network Services\",VMWare,\"License Services\"", "kpiTilesSettings": {"numTiles": 50, "isFilterEnabled": false}, "latest_time": "now", "earliest_time": "-12h", "title": "IT Infrastructure", "showDisabledServices": 0, "tileSize": "large", "serviceWhitelist": "2777aaf4-05ac-4c15-a886-e9999ddca12f,91faa994-9b04-4768-ae4d-0903d9d71b0a,085151e9-aa2c-4412-ad66-b706c19c5e26,173ca799-acf6-428e-b3e8-9d7b83b01fee,d500ac83-01bd-4cfb-a09e-2e3b5e11aa10,b077849b-2037-4466-bcf9-814db2d26dee,f3eef53b-5040-42fc-a1c0-658acb8b7c99,8056fcb1-0edd-43d4-a935-c5093fa7027e,2eca93d6-59f0-4a09-8d3e-1aa4010a896a,b7676977-7932-4c72-8cb3-bc108ccb337a,90008121-67a2-4c08-a56e-19fbb2a647d6", "object_type": "home_view", "_user": "nobody", "kpiWhitelist": [], "kpiFilterString": "", "mod_source": "REST", "source_itsi_da": "itsi", "identifying_name": "it infrastructure", "mod_timestamp": "2018-01-18T02:39:38.480895+00:00", "acl": {"can_write": true, "can_share_global": true, "can_share_user": true, "perms": {"write": ["*"], "read": ["*"]}, "can_share_app": true, "owner": "mdonnelly", "sharing": "app", "can_change_perms": true, "modifiable": true}, "_owner": "nobody", "_version": "3.0.1", "serviceTilesSettings": {"numTiles": 50, "isFilterEnabled": true}, "isDefault": false, "searchType": "aggregate", "viewType": "service_topology", "interactable": true, "isServiceFilterEnabled": true, "description": "", "_key": "fed1162e-bc34-11e7-be68-005056a511b0", "isKpiFilterEnabled": false}, {"view": "standard", "serviceFilterString": "\"Shared IT Infrastructure\"", "kpiTilesSettings": {"numTiles": 50, "isFilterEnabled": false}, "latest_time": "now", "mod_time": "2018-01-15 14:38:33", "title": "Service Analyzer", "showDisabledServices": 0, "object_type": "home_view", "serviceWhitelist": "90008121-67a2-4c08-a56e-19fbb2a647d6", "tileSize": "large", "_user": "nobody", "kpiWhitelist": [], "kpiFilterString": "", "mod_source": "REST", "source_itsi_da": "itsi", "identifying_name": "service analyzer", "mod_timestamp": "2018-01-18T00:27:35.553116+00:00", "acl": {"can_write": true, "can_share_global": true, "can_share_user": true, "perms": {"write": ["*"], "read": ["*"]}, "can_share_app": true, "modifiable": true, "sharing": "app", "can_change_perms": true, "owner": "mdonnelly"}, "_owner": "nobody", "_version": "3.0.1", "searchType": "aggregate", "serviceTilesSettings": {"numTiles": 50, "isFilterEnabled": true}, "isDefault": true, "earliest_time": "-12h", "viewType": "service_topology", "interactable": true, "isServiceFilterEnabled": true, "description": "", "_key": "mdonnelly", "isKpiFilterEnabled": false}, {"view": "standard", "serviceFilterString": "\"Buttercup Store\",\"Web Store Sales\",\"Web Store Service\"", "kpiTilesSettings": {"numTiles": 50, "isFilterEnabled": false}, "latest_time": "now", "mod_time": "2017-10-15 21:52:26", "title": "Service Analyzer", "isServiceFilterEnabled": true, "showDisabledServices": 0, "object_type": "home_view", "serviceWhitelist": "09dd51c2-9fc7-4aa4-9f39-da59ac6b6244,2d29452e-0b71-4153-a2bd-bfea6a4c6c4a,95c99846-404f-4c92-9923-2a8c8594bff1", "tileSize": "large", "_user": "nobody", "kpiWhitelist": [], "kpiFilterString": "", "mod_source": "REST", "source_itsi_da": "itsi", "identifying_name": "service analyzer", "mod_timestamp": "2018-01-18T00:27:35.553124+00:00", "acl": {"can_write": true, "can_share_global": true, "can_share_user": true, "perms": {"write": ["*"], "read": ["*"]}, "can_share_app": true, "modifiable": true, "sharing": "app", "can_change_perms": true, "owner": "mdonnelly_splunk"}, "_owner": "nobody", "_version": "3.0.1", "serviceTilesSettings": {"numTiles": 50, "isFilterEnabled": true}, "isDefault": true, "searchType": "aggregate", "interactable": true, "earliest_time": "-1h", "description": "", "_key": "mdonnelly_splunk", "isKpiFilterEnabled": false}]