[{"source_itsi_da": "itsi", "identifying_name": "it infrastructure health", "content": [{"vertices": [{"x": -2, "y": 118}, {"x": 810, "y": 118}, {"x": 810, "y": 187}, {"x": -2, "y": 187}], "assetId": null, "labelLocation": "bottom", "unit": "", "labelFontFamily": "Roboto, sans-serif", "id": "96adc89b-639d-9dfc-0847-347d80254729", "searchFigure": false, "labelFontColor": "#999999", "vizType": null, "stroke": 1, "color": "#333333", "isDeltaPercentage": true, "width": 812, "bgColor": "#FFFFFF", "statModel": null, "locked": false, "label": "", "hasRoundMetric": true, "name": "Rectangle", "parent": null, "drilldownModel": {"useCustomDrilldown": false, "drilldownSettingsModel": {"customUrl": "", "objOwner": "nobody", "objPage": "search", "objId": "", "objType": "default", "params": {}}}, "height": 69, "isDeleted": false, "labelFlag": true, "isSwappable": false, "x": -2, "y": 118, "labelFontSize": "12"}, {"vertices": [{"x": -2, "y": 118}, {"x": 810, "y": 118}, {"x": 810, "y": 741}, {"x": -2, "y": 741}], "assetId": null, "labelLocation": "bottom", "unit": "", "labelFontFamily": "Roboto, sans-serif", "id": "54e80b0a-a538-4690-2271-884f445775dd", "searchFigure": false, "labelFontColor": "#999999", "vizType": null, "stroke": "3", "color": "#333333", "isDeltaPercentage": true, "width": 812, "bgColor": "none", "statModel": null, "locked": false, "label": "", "hasRoundMetric": true, "name": "Rectangle", "parent": null, "drilldownModel": {"useCustomDrilldown": false, "drilldownSettingsModel": {"customUrl": "", "objOwner": "nobody", "objPage": "search", "objId": "", "objType": "default", "params": {}}}, "height": 623, "isDeleted": false, "labelFlag": true, "isSwappable": false, "x": -2, "y": 118, "labelFontSize": "12"}, {"assetId": "SHKPI-8056fcb1-0edd-43d4-a935-c5093fa7027e", "labelLocation": "bottom", "parent": "8056fcb1-0edd-43d4-a935-c5093fa7027e", "labelFontFamily": "Roboto, sans-serif", "id": "64046d15-7230-232b-f017-0c9cd44d76c7", "searchFigure": true, "vizType": "gauge", "width": 120, "drilldownModel": {"useCustomDrilldown": false, "drilldownSettingsModel": {"customUrl": "", "objOwner": "nobody", "objPage": "search", "objId": "", "objType": "default", "params": {}}}, "isDeltaPercentage": true, "statModel": {"thresholdSettingModel": {"metricField": "aggregate", "renderBoundaryMax": 100, "gaugeMin": 0, "isMinStatic": true, "baseSeverityColor": "#99D18B", "gaugeMax": 100, "renderBoundaryMin": 0, "baseSeverityValue": 2, "baseSeverityColorLight": "#DCEFD7", "comparator": ">=", "baseSeverityLabel": "normal", "isMaxStatic": false, "thresholdLevels": [{"severityColorLight": "#E5A6A6", "dynamicParam": 0, "severityLabel": "critical", "severityColor": "#B50101", "thresholdValue": 0, "severityValue": 6}, {"severityColorLight": "#FBCBB9", "dynamicParam": 0, "severityLabel": "high", "severityColor": "#F26A35", "thresholdValue": 20, "severityValue": 5}, {"severityColorLight": "#FEE6C1", "dynamicParam": 0, "severityLabel": "medium", "severityColor": "#FCB64E", "thresholdValue": 40, "severityValue": 4}, {"severityColorLight": "#FFF4C5", "dynamicParam": 0, "severityLabel": "low", "severityColor": "#FFE98C", "thresholdValue": 60, "severityValue": 3}, {"severityColorLight": "#DCEFD7", "dynamicParam": 0, "severityLabel": "normal", "severityColor": "#99D18B", "thresholdValue": 80, "severityValue": 2}], "search": ""}, "latest": "now", "whereClause": "", "thresholdLabel": "count", "severityLabel": "NA", "assetId": "SHKPI-8056fcb1-0edd-43d4-a935-c5093fa7027e", "searchSource": "adhoc", "search": "`get_full_itsi_summary_kpi(SHKPI-8056fcb1-0edd-43d4-a935-c5093fa7027e)` `service_level_kpi_only` | head 1 | table alert_value, alert_severity, alert_color | rename alert_value AS aggregate, alert_severity AS aggregate_severity, alert_color AS aggregate_color", "metricField": "aggregate", "dataModel": {"owner_field": "", "datamodel": "", "field": "", "object": ""}, "dataModelStatOp": "", "sparklineEarliest": -3600, "severityColor": "#3c3c3c", "earliest": "-60m", "searches": {"timecompare": {"raw": "`get_full_itsi_summary_kpi(SHKPI-8056fcb1-0edd-43d4-a935-c5093fa7027e)` `service_level_kpi_only` | addinfo | eval mid_time = (info_max_time + info_min_time) / 2 | eval bucket=if(_time < mid_time, \"last_window\", \"current_window\") | stats latest(alert_value) AS aggregate, latest(alert_severity) AS aggregate_severity, latest(alert_color) AS aggregate_color BY bucket | reverse | delta aggregate AS window_delta | search bucket=current_window | eval window_direction=if(window_delta > 0, \"increase\", if(window_delta < 0, \"decrease\", \"none\"))", "generated": "`get_full_itsi_summary_kpi(SHKPI-8056fcb1-0edd-43d4-a935-c5093fa7027e)` `service_level_kpi_only` | addinfo | eval mid_time = (info_max_time + info_min_time) / 2 | eval bucket=if(_time < mid_time, \"last_window\", \"current_window\") | stats latest(alert_value) AS aggregate, latest(alert_severity) AS aggregate_severity, latest(alert_color) AS aggregate_color BY bucket | reverse | delta aggregate AS window_delta | search bucket=current_window | eval window_direction=if(window_delta > 0, \"increase\", if(window_delta < 0, \"decrease\", \"none\"))"}, "timeseries": {"raw": "`get_full_itsi_summary_kpi(SHKPI-8056fcb1-0edd-43d4-a935-c5093fa7027e)` `service_level_kpi_only` | timechart latest(alert_value) AS aggregate, latest(alert_severity) AS aggregate_severity, latest(alert_color) AS aggregate_color", "generated": "`get_full_itsi_summary_kpi(SHKPI-8056fcb1-0edd-43d4-a935-c5093fa7027e)` `service_level_kpi_only` | timechart latest(alert_value) AS aggregate, latest(alert_severity) AS aggregate_severity, latest(alert_color) AS aggregate_color"}, "base": {"raw": "`get_full_itsi_summary_kpi(SHKPI-8056fcb1-0edd-43d4-a935-c5093fa7027e)` `service_level_kpi_only` | head 1 | table alert_value, alert_severity, alert_color | rename alert_value AS aggregate, alert_severity AS aggregate_severity, alert_color AS aggregate_color", "generated": "`get_full_itsi_summary_kpi(SHKPI-8056fcb1-0edd-43d4-a935-c5093fa7027e)` `service_level_kpi_only` | head 1 | table alert_value, alert_severity, alert_color | rename alert_value AS aggregate, alert_severity AS aggregate_severity, alert_color AS aggregate_color"}}, "severityField": "aggregate_color", "thresholdMode": true, "useGenerated": true}, "locked": false, "label": "Authentication", "hasRoundMetric": true, "name": "Gauge", "unit": "", "labelFontColor": "#999999", "height": "120", "isDeleted": false, "labelFlag": true, "isSwappable": false, "x": 180, "y": 200, "labelFontSize": "12"}, {"assetId": "SHKPI-2777aaf4-05ac-4c15-a886-e9999ddca12f", "labelLocation": "bottom", "parent": "2777aaf4-05ac-4c15-a886-e9999ddca12f", "labelFontFamily": "Roboto, sans-serif", "id": "54726f51-ad85-ecd4-4d42-e0e5b6a15011", "searchFigure": true, "vizType": "gauge", "width": 120, "drilldownModel": {"useCustomDrilldown": false, "drilldownSettingsModel": {"customUrl": "", "objOwner": "nobody", "objPage": "search", "objId": "", "objType": "default", "params": {}}}, "isDeltaPercentage": true, "statModel": {"thresholdSettingModel": {"metricField": "aggregate", "renderBoundaryMax": 100, "gaugeMin": 0, "isMinStatic": true, "baseSeverityColor": "#99D18B", "gaugeMax": 100, "renderBoundaryMin": 0, "baseSeverityValue": 2, "baseSeverityColorLight": "#DCEFD7", "comparator": ">=", "baseSeverityLabel": "normal", "isMaxStatic": false, "thresholdLevels": [{"severityColorLight": "#E5A6A6", "dynamicParam": 0, "severityLabel": "critical", "severityColor": "#B50101", "thresholdValue": 0, "severityValue": 6}, {"severityColorLight": "#FBCBB9", "dynamicParam": 0, "severityLabel": "high", "severityColor": "#F26A35", "thresholdValue": 20, "severityValue": 5}, {"severityColorLight": "#FEE6C1", "dynamicParam": 0, "severityLabel": "medium", "severityColor": "#FCB64E", "thresholdValue": 40, "severityValue": 4}, {"severityColorLight": "#FFF4C5", "dynamicParam": 0, "severityLabel": "low", "severityColor": "#FFE98C", "thresholdValue": 60, "severityValue": 3}, {"severityColorLight": "#DCEFD7", "dynamicParam": 0, "severityLabel": "normal", "severityColor": "#99D18B", "thresholdValue": 80, "severityValue": 2}], "search": ""}, "latest": "now", "whereClause": "", "thresholdLabel": "count", "severityLabel": "NA", "assetId": "SHKPI-2777aaf4-05ac-4c15-a886-e9999ddca12f", "searchSource": "adhoc", "search": "`get_full_itsi_summary_kpi(SHKPI-2777aaf4-05ac-4c15-a886-e9999ddca12f)` `service_level_kpi_only` | head 1 | table alert_value, alert_severity, alert_color | rename alert_value AS aggregate, alert_severity AS aggregate_severity, alert_color AS aggregate_color", "metricField": "aggregate", "dataModel": {"owner_field": "", "datamodel": "", "field": "", "object": ""}, "dataModelStatOp": "", "sparklineEarliest": -3600, "severityColor": "#3c3c3c", "earliest": "-60m", "searches": {"timecompare": {"raw": "`get_full_itsi_summary_kpi(SHKPI-2777aaf4-05ac-4c15-a886-e9999ddca12f)` `service_level_kpi_only` | addinfo | eval mid_time = (info_max_time + info_min_time) / 2 | eval bucket=if(_time < mid_time, \"last_window\", \"current_window\") | stats latest(alert_value) AS aggregate, latest(alert_severity) AS aggregate_severity, latest(alert_color) AS aggregate_color BY bucket | reverse | delta aggregate AS window_delta | search bucket=current_window | eval window_direction=if(window_delta > 0, \"increase\", if(window_delta < 0, \"decrease\", \"none\"))", "generated": "`get_full_itsi_summary_kpi(SHKPI-2777aaf4-05ac-4c15-a886-e9999ddca12f)` `service_level_kpi_only` | addinfo | eval mid_time = (info_max_time + info_min_time) / 2 | eval bucket=if(_time < mid_time, \"last_window\", \"current_window\") | stats latest(alert_value) AS aggregate, latest(alert_severity) AS aggregate_severity, latest(alert_color) AS aggregate_color BY bucket | reverse | delta aggregate AS window_delta | search bucket=current_window | eval window_direction=if(window_delta > 0, \"increase\", if(window_delta < 0, \"decrease\", \"none\"))"}, "timeseries": {"raw": "`get_full_itsi_summary_kpi(SHKPI-2777aaf4-05ac-4c15-a886-e9999ddca12f)` `service_level_kpi_only` | timechart latest(alert_value) AS aggregate, latest(alert_severity) AS aggregate_severity, latest(alert_color) AS aggregate_color", "generated": "`get_full_itsi_summary_kpi(SHKPI-2777aaf4-05ac-4c15-a886-e9999ddca12f)` `service_level_kpi_only` | timechart latest(alert_value) AS aggregate, latest(alert_severity) AS aggregate_severity, latest(alert_color) AS aggregate_color"}, "base": {"raw": "`get_full_itsi_summary_kpi(SHKPI-2777aaf4-05ac-4c15-a886-e9999ddca12f)` `service_level_kpi_only` | head 1 | table alert_value, alert_severity, alert_color | rename alert_value AS aggregate, alert_severity AS aggregate_severity, alert_color AS aggregate_color", "generated": "`get_full_itsi_summary_kpi(SHKPI-2777aaf4-05ac-4c15-a886-e9999ddca12f)` `service_level_kpi_only` | head 1 | table alert_value, alert_severity, alert_color | rename alert_value AS aggregate, alert_severity AS aggregate_severity, alert_color AS aggregate_color"}}, "severityField": "aggregate_color", "thresholdMode": true, "useGenerated": true}, "locked": false, "label": "Licensing", "hasRoundMetric": true, "name": "Gauge", "unit": "", "labelFontColor": "#999999", "height": "120", "isDeleted": false, "labelFlag": true, "isSwappable": false, "x": 660, "y": 200, "labelFontSize": "12"}, {"assetId": "SHKPI-d500ac83-01bd-4cfb-a09e-2e3b5e11aa10", "labelLocation": "bottom", "parent": "d500ac83-01bd-4cfb-a09e-2e3b5e11aa10", "labelFontFamily": "Roboto, sans-serif", "id": "30cde8c6-d78c-ebcd-3774-aa22db1b807a", "searchFigure": true, "vizType": "gauge", "width": 120, "drilldownModel": {"useCustomDrilldown": false, "drilldownSettingsModel": {"customUrl": "", "objOwner": "nobody", "objPage": "search", "objId": "", "objType": "default", "params": {}}}, "isDeltaPercentage": true, "statModel": {"thresholdSettingModel": {"metricField": "aggregate", "renderBoundaryMax": 100, "gaugeMin": 0, "isMinStatic": true, "baseSeverityColor": "#99D18B", "gaugeMax": 100, "renderBoundaryMin": 0, "baseSeverityValue": 2, "baseSeverityColorLight": "#DCEFD7", "comparator": ">=", "baseSeverityLabel": "normal", "isMaxStatic": false, "thresholdLevels": [{"severityColorLight": "#E5A6A6", "dynamicParam": 0, "severityLabel": "critical", "severityColor": "#B50101", "thresholdValue": 0, "severityValue": 6}, {"severityColorLight": "#FBCBB9", "dynamicParam": 0, "severityLabel": "high", "severityColor": "#F26A35", "thresholdValue": 20, "severityValue": 5}, {"severityColorLight": "#FEE6C1", "dynamicParam": 0, "severityLabel": "medium", "severityColor": "#FCB64E", "thresholdValue": 40, "severityValue": 4}, {"severityColorLight": "#FFF4C5", "dynamicParam": 0, "severityLabel": "low", "severityColor": "#FFE98C", "thresholdValue": 60, "severityValue": 3}, {"severityColorLight": "#DCEFD7", "dynamicParam": 0, "severityLabel": "normal", "severityColor": "#99D18B", "thresholdValue": 80, "severityValue": 2}], "search": ""}, "latest": "now", "whereClause": "", "thresholdLabel": "count", "severityLabel": "NA", "assetId": "SHKPI-d500ac83-01bd-4cfb-a09e-2e3b5e11aa10", "searchSource": "adhoc", "search": "`get_full_itsi_summary_kpi(SHKPI-d500ac83-01bd-4cfb-a09e-2e3b5e11aa10)` `service_level_kpi_only` | head 1 | table alert_value, alert_severity, alert_color | rename alert_value AS aggregate, alert_severity AS aggregate_severity, alert_color AS aggregate_color", "metricField": "aggregate", "dataModel": {"owner_field": "", "datamodel": "", "field": "", "object": ""}, "dataModelStatOp": "", "sparklineEarliest": -3600, "severityColor": "#3c3c3c", "earliest": "-60m", "searches": {"timecompare": {"raw": "`get_full_itsi_summary_kpi(SHKPI-d500ac83-01bd-4cfb-a09e-2e3b5e11aa10)` `service_level_kpi_only` | addinfo | eval mid_time = (info_max_time + info_min_time) / 2 | eval bucket=if(_time < mid_time, \"last_window\", \"current_window\") | stats latest(alert_value) AS aggregate, latest(alert_severity) AS aggregate_severity, latest(alert_color) AS aggregate_color BY bucket | reverse | delta aggregate AS window_delta | search bucket=current_window | eval window_direction=if(window_delta > 0, \"increase\", if(window_delta < 0, \"decrease\", \"none\"))", "generated": "`get_full_itsi_summary_kpi(SHKPI-d500ac83-01bd-4cfb-a09e-2e3b5e11aa10)` `service_level_kpi_only` | addinfo | eval mid_time = (info_max_time + info_min_time) / 2 | eval bucket=if(_time < mid_time, \"last_window\", \"current_window\") | stats latest(alert_value) AS aggregate, latest(alert_severity) AS aggregate_severity, latest(alert_color) AS aggregate_color BY bucket | reverse | delta aggregate AS window_delta | search bucket=current_window | eval window_direction=if(window_delta > 0, \"increase\", if(window_delta < 0, \"decrease\", \"none\"))"}, "timeseries": {"raw": "`get_full_itsi_summary_kpi(SHKPI-d500ac83-01bd-4cfb-a09e-2e3b5e11aa10)` `service_level_kpi_only` | timechart latest(alert_value) AS aggregate, latest(alert_severity) AS aggregate_severity, latest(alert_color) AS aggregate_color", "generated": "`get_full_itsi_summary_kpi(SHKPI-d500ac83-01bd-4cfb-a09e-2e3b5e11aa10)` `service_level_kpi_only` | timechart latest(alert_value) AS aggregate, latest(alert_severity) AS aggregate_severity, latest(alert_color) AS aggregate_color"}, "base": {"raw": "`get_full_itsi_summary_kpi(SHKPI-d500ac83-01bd-4cfb-a09e-2e3b5e11aa10)` `service_level_kpi_only` | head 1 | table alert_value, alert_severity, alert_color | rename alert_value AS aggregate, alert_severity AS aggregate_severity, alert_color AS aggregate_color", "generated": "`get_full_itsi_summary_kpi(SHKPI-d500ac83-01bd-4cfb-a09e-2e3b5e11aa10)` `service_level_kpi_only` | head 1 | table alert_value, alert_severity, alert_color | rename alert_value AS aggregate, alert_severity AS aggregate_severity, alert_color AS aggregate_color"}}, "severityField": "aggregate_color", "thresholdMode": true, "useGenerated": true}, "locked": false, "label": "Shared Storage", "hasRoundMetric": true, "name": "Gauge", "unit": "", "labelFontColor": "#999999", "height": "120", "isDeleted": false, "labelFlag": true, "isSwappable": false, "x": 340, "y": 380, "labelFontSize": "12"}, {"assetId": "SHKPI-91faa994-9b04-4768-ae4d-0903d9d71b0a", "labelLocation": "bottom", "parent": "91faa994-9b04-4768-ae4d-0903d9d71b0a", "labelFontFamily": "Roboto, sans-serif", "id": "31120a27-9edb-5384-5b1f-e014a00dc2ed", "searchFigure": true, "vizType": "gauge", "width": 120, "drilldownModel": {"useCustomDrilldown": false, "drilldownSettingsModel": {"customUrl": "", "objOwner": "nobody", "objPage": "search", "objId": "", "objType": "default", "params": {}}}, "isDeltaPercentage": true, "statModel": {"thresholdSettingModel": {"metricField": "aggregate", "renderBoundaryMax": 100, "gaugeMin": 0, "isMinStatic": true, "baseSeverityColor": "#99D18B", "gaugeMax": 100, "renderBoundaryMin": 0, "baseSeverityValue": 2, "baseSeverityColorLight": "#DCEFD7", "comparator": ">=", "baseSeverityLabel": "normal", "isMaxStatic": false, "thresholdLevels": [{"severityColorLight": "#E5A6A6", "dynamicParam": 0, "severityLabel": "critical", "severityColor": "#B50101", "thresholdValue": 0, "severityValue": 6}, {"severityColorLight": "#FBCBB9", "dynamicParam": 0, "severityLabel": "high", "severityColor": "#F26A35", "thresholdValue": 20, "severityValue": 5}, {"severityColorLight": "#FEE6C1", "dynamicParam": 0, "severityLabel": "medium", "severityColor": "#FCB64E", "thresholdValue": 40, "severityValue": 4}, {"severityColorLight": "#FFF4C5", "dynamicParam": 0, "severityLabel": "low", "severityColor": "#FFE98C", "thresholdValue": 60, "severityValue": 3}, {"severityColorLight": "#DCEFD7", "dynamicParam": 0, "severityLabel": "normal", "severityColor": "#99D18B", "thresholdValue": 80, "severityValue": 2}], "search": ""}, "latest": "now", "whereClause": "", "thresholdLabel": "count", "severityLabel": "NA", "assetId": "SHKPI-91faa994-9b04-4768-ae4d-0903d9d71b0a", "searchSource": "adhoc", "search": "`get_full_itsi_summary_kpi(SHKPI-91faa994-9b04-4768-ae4d-0903d9d71b0a)` `service_level_kpi_only` | head 1 | table alert_value, alert_severity, alert_color | rename alert_value AS aggregate, alert_severity AS aggregate_severity, alert_color AS aggregate_color", "metricField": "aggregate", "dataModel": {"owner_field": "", "datamodel": "", "field": "", "object": ""}, "dataModelStatOp": "", "sparklineEarliest": -3600, "severityColor": "#3c3c3c", "earliest": "-60m", "searches": {"timecompare": {"raw": "`get_full_itsi_summary_kpi(SHKPI-91faa994-9b04-4768-ae4d-0903d9d71b0a)` `service_level_kpi_only` | addinfo | eval mid_time = (info_max_time + info_min_time) / 2 | eval bucket=if(_time < mid_time, \"last_window\", \"current_window\") | stats latest(alert_value) AS aggregate, latest(alert_severity) AS aggregate_severity, latest(alert_color) AS aggregate_color BY bucket | reverse | delta aggregate AS window_delta | search bucket=current_window | eval window_direction=if(window_delta > 0, \"increase\", if(window_delta < 0, \"decrease\", \"none\"))", "generated": "`get_full_itsi_summary_kpi(SHKPI-91faa994-9b04-4768-ae4d-0903d9d71b0a)` `service_level_kpi_only` | addinfo | eval mid_time = (info_max_time + info_min_time) / 2 | eval bucket=if(_time < mid_time, \"last_window\", \"current_window\") | stats latest(alert_value) AS aggregate, latest(alert_severity) AS aggregate_severity, latest(alert_color) AS aggregate_color BY bucket | reverse | delta aggregate AS window_delta | search bucket=current_window | eval window_direction=if(window_delta > 0, \"increase\", if(window_delta < 0, \"decrease\", \"none\"))"}, "timeseries": {"raw": "`get_full_itsi_summary_kpi(SHKPI-91faa994-9b04-4768-ae4d-0903d9d71b0a)` `service_level_kpi_only` | timechart latest(alert_value) AS aggregate, latest(alert_severity) AS aggregate_severity, latest(alert_color) AS aggregate_color", "generated": "`get_full_itsi_summary_kpi(SHKPI-91faa994-9b04-4768-ae4d-0903d9d71b0a)` `service_level_kpi_only` | timechart latest(alert_value) AS aggregate, latest(alert_severity) AS aggregate_severity, latest(alert_color) AS aggregate_color"}, "base": {"raw": "`get_full_itsi_summary_kpi(SHKPI-91faa994-9b04-4768-ae4d-0903d9d71b0a)` `service_level_kpi_only` | head 1 | table alert_value, alert_severity, alert_color | rename alert_value AS aggregate, alert_severity AS aggregate_severity, alert_color AS aggregate_color", "generated": "`get_full_itsi_summary_kpi(SHKPI-91faa994-9b04-4768-ae4d-0903d9d71b0a)` `service_level_kpi_only` | head 1 | table alert_value, alert_severity, alert_color | rename alert_value AS aggregate, alert_severity AS aggregate_severity, alert_color AS aggregate_color"}}, "severityField": "aggregate_color", "thresholdMode": true, "useGenerated": true}, "locked": false, "label": "Virtualization", "hasRoundMetric": true, "name": "Gauge", "unit": "", "labelFontColor": "#999999", "height": "120", "isDeleted": false, "labelFlag": true, "isSwappable": false, "x": 660, "y": 380, "labelFontSize": "12"}, {"assetId": "SHKPI-173ca799-acf6-428e-b3e8-9d7b83b01fee", "labelLocation": "bottom", "parent": "173ca799-acf6-428e-b3e8-9d7b83b01fee", "labelFontFamily": "Roboto, sans-serif", "id": "32a428bf-06a6-50a3-9e55-d943b9834458", "searchFigure": true, "vizType": "gauge", "width": 120, "drilldownModel": {"useCustomDrilldown": false, "drilldownSettingsModel": {"customUrl": "", "objOwner": "nobody", "objPage": "search", "objId": "", "objType": "default", "params": {}}}, "isDeltaPercentage": true, "statModel": {"thresholdSettingModel": {"metricField": "aggregate", "renderBoundaryMax": 100, "gaugeMin": 0, "isMinStatic": true, "baseSeverityColor": "#99D18B", "gaugeMax": 100, "renderBoundaryMin": 0, "baseSeverityValue": 2, "baseSeverityColorLight": "#DCEFD7", "comparator": ">=", "baseSeverityLabel": "normal", "isMaxStatic": false, "thresholdLevels": [{"severityColorLight": "#E5A6A6", "dynamicParam": 0, "severityLabel": "critical", "severityColor": "#B50101", "thresholdValue": 0, "severityValue": 6}, {"severityColorLight": "#FBCBB9", "dynamicParam": 0, "severityLabel": "high", "severityColor": "#F26A35", "thresholdValue": 20, "severityValue": 5}, {"severityColorLight": "#FEE6C1", "dynamicParam": 0, "severityLabel": "medium", "severityColor": "#FCB64E", "thresholdValue": 40, "severityValue": 4}, {"severityColorLight": "#FFF4C5", "dynamicParam": 0, "severityLabel": "low", "severityColor": "#FFE98C", "thresholdValue": 60, "severityValue": 3}, {"severityColorLight": "#DCEFD7", "dynamicParam": 0, "severityLabel": "normal", "severityColor": "#99D18B", "thresholdValue": 80, "severityValue": 2}], "search": ""}, "latest": "now", "whereClause": "", "thresholdLabel": "count", "severityLabel": "NA", "assetId": "SHKPI-173ca799-acf6-428e-b3e8-9d7b83b01fee", "searchSource": "adhoc", "search": "`get_full_itsi_summary_kpi(SHKPI-173ca799-acf6-428e-b3e8-9d7b83b01fee)` `service_level_kpi_only` | head 1 | table alert_value, alert_severity, alert_color | rename alert_value AS aggregate, alert_severity AS aggregate_severity, alert_color AS aggregate_color", "metricField": "aggregate", "dataModel": {"owner_field": "", "datamodel": "", "field": "", "object": ""}, "dataModelStatOp": "", "sparklineEarliest": -3600, "severityColor": "#3c3c3c", "earliest": "-60m", "searches": {"timecompare": {"raw": "`get_full_itsi_summary_kpi(SHKPI-173ca799-acf6-428e-b3e8-9d7b83b01fee)` `service_level_kpi_only` | addinfo | eval mid_time = (info_max_time + info_min_time) / 2 | eval bucket=if(_time < mid_time, \"last_window\", \"current_window\") | stats latest(alert_value) AS aggregate, latest(alert_severity) AS aggregate_severity, latest(alert_color) AS aggregate_color BY bucket | reverse | delta aggregate AS window_delta | search bucket=current_window | eval window_direction=if(window_delta > 0, \"increase\", if(window_delta < 0, \"decrease\", \"none\"))", "generated": "`get_full_itsi_summary_kpi(SHKPI-173ca799-acf6-428e-b3e8-9d7b83b01fee)` `service_level_kpi_only` | addinfo | eval mid_time = (info_max_time + info_min_time) / 2 | eval bucket=if(_time < mid_time, \"last_window\", \"current_window\") | stats latest(alert_value) AS aggregate, latest(alert_severity) AS aggregate_severity, latest(alert_color) AS aggregate_color BY bucket | reverse | delta aggregate AS window_delta | search bucket=current_window | eval window_direction=if(window_delta > 0, \"increase\", if(window_delta < 0, \"decrease\", \"none\"))"}, "timeseries": {"raw": "`get_full_itsi_summary_kpi(SHKPI-173ca799-acf6-428e-b3e8-9d7b83b01fee)` `service_level_kpi_only` | timechart latest(alert_value) AS aggregate, latest(alert_severity) AS aggregate_severity, latest(alert_color) AS aggregate_color", "generated": "`get_full_itsi_summary_kpi(SHKPI-173ca799-acf6-428e-b3e8-9d7b83b01fee)` `service_level_kpi_only` | timechart latest(alert_value) AS aggregate, latest(alert_severity) AS aggregate_severity, latest(alert_color) AS aggregate_color"}, "base": {"raw": "`get_full_itsi_summary_kpi(SHKPI-173ca799-acf6-428e-b3e8-9d7b83b01fee)` `service_level_kpi_only` | head 1 | table alert_value, alert_severity, alert_color | rename alert_value AS aggregate, alert_severity AS aggregate_severity, alert_color AS aggregate_color", "generated": "`get_full_itsi_summary_kpi(SHKPI-173ca799-acf6-428e-b3e8-9d7b83b01fee)` `service_level_kpi_only` | head 1 | table alert_value, alert_severity, alert_color | rename alert_value AS aggregate, alert_severity AS aggregate_severity, alert_color AS aggregate_color"}}, "severityField": "aggregate_color", "thresholdMode": true, "useGenerated": true}, "locked": false, "label": "Email", "hasRoundMetric": true, "name": "Gauge", "unit": "", "labelFontColor": "#999999", "height": "120", "isDeleted": false, "labelFlag": true, "isSwappable": false, "x": 500, "y": 200, "labelFontSize": "12"}, {"assetId": "SHKPI-085151e9-aa2c-4412-ad66-b706c19c5e26", "labelLocation": "bottom", "parent": "085151e9-aa2c-4412-ad66-b706c19c5e26", "labelFontFamily": "Roboto, sans-serif", "id": "b637b418-2237-83d3-7997-dbd2e530b7e2", "searchFigure": true, "vizType": "gauge", "width": 120, "drilldownModel": {"useCustomDrilldown": false, "drilldownSettingsModel": {"customUrl": "", "objOwner": "nobody", "objPage": "search", "objId": "", "objType": "default", "params": {}}}, "isDeltaPercentage": true, "statModel": {"thresholdSettingModel": {"metricField": "aggregate", "renderBoundaryMax": 100, "gaugeMin": 0, "isMinStatic": true, "baseSeverityColor": "#99D18B", "gaugeMax": 100, "renderBoundaryMin": 0, "baseSeverityValue": 2, "baseSeverityColorLight": "#DCEFD7", "comparator": ">=", "baseSeverityLabel": "normal", "isMaxStatic": false, "thresholdLevels": [{"severityColorLight": "#E5A6A6", "dynamicParam": 0, "severityLabel": "critical", "severityColor": "#B50101", "thresholdValue": 0, "severityValue": 6}, {"severityColorLight": "#FBCBB9", "dynamicParam": 0, "severityLabel": "high", "severityColor": "#F26A35", "thresholdValue": 20, "severityValue": 5}, {"severityColorLight": "#FEE6C1", "dynamicParam": 0, "severityLabel": "medium", "severityColor": "#FCB64E", "thresholdValue": 40, "severityValue": 4}, {"severityColorLight": "#FFF4C5", "dynamicParam": 0, "severityLabel": "low", "severityColor": "#FFE98C", "thresholdValue": 60, "severityValue": 3}, {"severityColorLight": "#DCEFD7", "dynamicParam": 0, "severityLabel": "normal", "severityColor": "#99D18B", "thresholdValue": 80, "severityValue": 2}], "search": ""}, "latest": "now", "whereClause": "", "thresholdLabel": "count", "severityLabel": "NA", "assetId": "SHKPI-085151e9-aa2c-4412-ad66-b706c19c5e26", "searchSource": "adhoc", "search": "`get_full_itsi_summary_kpi(SHKPI-085151e9-aa2c-4412-ad66-b706c19c5e26)` `service_level_kpi_only` | head 1 | table alert_value, alert_severity, alert_color | rename alert_value AS aggregate, alert_severity AS aggregate_severity, alert_color AS aggregate_color", "metricField": "aggregate", "dataModel": {"owner_field": "", "datamodel": "", "field": "", "object": ""}, "dataModelStatOp": "", "sparklineEarliest": -3600, "severityColor": "#3c3c3c", "earliest": "-60m", "searches": {"timecompare": {"raw": "`get_full_itsi_summary_kpi(SHKPI-085151e9-aa2c-4412-ad66-b706c19c5e26)` `service_level_kpi_only` | addinfo | eval mid_time = (info_max_time + info_min_time) / 2 | eval bucket=if(_time < mid_time, \"last_window\", \"current_window\") | stats latest(alert_value) AS aggregate, latest(alert_severity) AS aggregate_severity, latest(alert_color) AS aggregate_color BY bucket | reverse | delta aggregate AS window_delta | search bucket=current_window | eval window_direction=if(window_delta > 0, \"increase\", if(window_delta < 0, \"decrease\", \"none\"))", "generated": "`get_full_itsi_summary_kpi(SHKPI-085151e9-aa2c-4412-ad66-b706c19c5e26)` `service_level_kpi_only` | addinfo | eval mid_time = (info_max_time + info_min_time) / 2 | eval bucket=if(_time < mid_time, \"last_window\", \"current_window\") | stats latest(alert_value) AS aggregate, latest(alert_severity) AS aggregate_severity, latest(alert_color) AS aggregate_color BY bucket | reverse | delta aggregate AS window_delta | search bucket=current_window | eval window_direction=if(window_delta > 0, \"increase\", if(window_delta < 0, \"decrease\", \"none\"))"}, "timeseries": {"raw": "`get_full_itsi_summary_kpi(SHKPI-085151e9-aa2c-4412-ad66-b706c19c5e26)` `service_level_kpi_only` | timechart latest(alert_value) AS aggregate, latest(alert_severity) AS aggregate_severity, latest(alert_color) AS aggregate_color", "generated": "`get_full_itsi_summary_kpi(SHKPI-085151e9-aa2c-4412-ad66-b706c19c5e26)` `service_level_kpi_only` | timechart latest(alert_value) AS aggregate, latest(alert_severity) AS aggregate_severity, latest(alert_color) AS aggregate_color"}, "base": {"raw": "`get_full_itsi_summary_kpi(SHKPI-085151e9-aa2c-4412-ad66-b706c19c5e26)` `service_level_kpi_only` | head 1 | table alert_value, alert_severity, alert_color | rename alert_value AS aggregate, alert_severity AS aggregate_severity, alert_color AS aggregate_color", "generated": "`get_full_itsi_summary_kpi(SHKPI-085151e9-aa2c-4412-ad66-b706c19c5e26)` `service_level_kpi_only` | head 1 | table alert_value, alert_severity, alert_color | rename alert_value AS aggregate, alert_severity AS aggregate_severity, alert_color AS aggregate_color"}}, "severityField": "aggregate_color", "thresholdMode": true, "useGenerated": true}, "locked": false, "label": "DNS/DHCP/NIS", "hasRoundMetric": true, "name": "Gauge", "unit": "", "labelFontColor": "#999999", "height": "120", "isDeleted": false, "labelFlag": true, "isSwappable": false, "x": 180, "y": 380, "labelFontSize": "12"}, {"assetId": "SHKPI-f3eef53b-5040-42fc-a1c0-658acb8b7c99", "labelLocation": "bottom", "parent": "f3eef53b-5040-42fc-a1c0-658acb8b7c99", "labelFontFamily": "Roboto, sans-serif", "id": "e50e19e2-dfb2-8a12-a405-2526909512d4", "searchFigure": true, "vizType": "gauge", "width": 120, "drilldownModel": {"useCustomDrilldown": false, "drilldownSettingsModel": {"customUrl": "", "objOwner": "nobody", "objPage": "search", "objId": "", "objType": "default", "params": {}}}, "isDeltaPercentage": true, "statModel": {"thresholdSettingModel": {"metricField": "aggregate", "renderBoundaryMax": 100, "gaugeMin": 0, "isMinStatic": true, "baseSeverityColor": "#99D18B", "gaugeMax": 100, "renderBoundaryMin": 0, "baseSeverityValue": 2, "baseSeverityColorLight": "#DCEFD7", "comparator": ">=", "baseSeverityLabel": "normal", "isMaxStatic": false, "thresholdLevels": [{"severityColorLight": "#E5A6A6", "dynamicParam": 0, "severityLabel": "critical", "severityColor": "#B50101", "thresholdValue": 0, "severityValue": 6}, {"severityColorLight": "#FBCBB9", "dynamicParam": 0, "severityLabel": "high", "severityColor": "#F26A35", "thresholdValue": 20, "severityValue": 5}, {"severityColorLight": "#FEE6C1", "dynamicParam": 0, "severityLabel": "medium", "severityColor": "#FCB64E", "thresholdValue": 40, "severityValue": 4}, {"severityColorLight": "#FFF4C5", "dynamicParam": 0, "severityLabel": "low", "severityColor": "#FFE98C", "thresholdValue": 60, "severityValue": 3}, {"severityColorLight": "#DCEFD7", "dynamicParam": 0, "severityLabel": "normal", "severityColor": "#99D18B", "thresholdValue": 80, "severityValue": 2}], "search": ""}, "latest": "now", "whereClause": "", "thresholdLabel": "count", "severityLabel": "NA", "assetId": "SHKPI-f3eef53b-5040-42fc-a1c0-658acb8b7c99", "searchSource": "adhoc", "search": "`get_full_itsi_summary_kpi(SHKPI-f3eef53b-5040-42fc-a1c0-658acb8b7c99)` `service_level_kpi_only` | head 1 | table alert_value, alert_severity, alert_color | rename alert_value AS aggregate, alert_severity AS aggregate_severity, alert_color AS aggregate_color", "metricField": "aggregate", "dataModel": {"owner_field": "", "datamodel": "", "field": "", "object": ""}, "dataModelStatOp": "", "sparklineEarliest": -3600, "severityColor": "#3c3c3c", "earliest": "-60m", "searches": {"timecompare": {"raw": "`get_full_itsi_summary_kpi(SHKPI-f3eef53b-5040-42fc-a1c0-658acb8b7c99)` `service_level_kpi_only` | addinfo | eval mid_time = (info_max_time + info_min_time) / 2 | eval bucket=if(_time < mid_time, \"last_window\", \"current_window\") | stats latest(alert_value) AS aggregate, latest(alert_severity) AS aggregate_severity, latest(alert_color) AS aggregate_color BY bucket | reverse | delta aggregate AS window_delta | search bucket=current_window | eval window_direction=if(window_delta > 0, \"increase\", if(window_delta < 0, \"decrease\", \"none\"))", "generated": "`get_full_itsi_summary_kpi(SHKPI-f3eef53b-5040-42fc-a1c0-658acb8b7c99)` `service_level_kpi_only` | addinfo | eval mid_time = (info_max_time + info_min_time) / 2 | eval bucket=if(_time < mid_time, \"last_window\", \"current_window\") | stats latest(alert_value) AS aggregate, latest(alert_severity) AS aggregate_severity, latest(alert_color) AS aggregate_color BY bucket | reverse | delta aggregate AS window_delta | search bucket=current_window | eval window_direction=if(window_delta > 0, \"increase\", if(window_delta < 0, \"decrease\", \"none\"))"}, "timeseries": {"raw": "`get_full_itsi_summary_kpi(SHKPI-f3eef53b-5040-42fc-a1c0-658acb8b7c99)` `service_level_kpi_only` | timechart latest(alert_value) AS aggregate, latest(alert_severity) AS aggregate_severity, latest(alert_color) AS aggregate_color", "generated": "`get_full_itsi_summary_kpi(SHKPI-f3eef53b-5040-42fc-a1c0-658acb8b7c99)` `service_level_kpi_only` | timechart latest(alert_value) AS aggregate, latest(alert_severity) AS aggregate_severity, latest(alert_color) AS aggregate_color"}, "base": {"raw": "`get_full_itsi_summary_kpi(SHKPI-f3eef53b-5040-42fc-a1c0-658acb8b7c99)` `service_level_kpi_only` | head 1 | table alert_value, alert_severity, alert_color | rename alert_value AS aggregate, alert_severity AS aggregate_severity, alert_color AS aggregate_color", "generated": "`get_full_itsi_summary_kpi(SHKPI-f3eef53b-5040-42fc-a1c0-658acb8b7c99)` `service_level_kpi_only` | head 1 | table alert_value, alert_severity, alert_color | rename alert_value AS aggregate, alert_severity AS aggregate_severity, alert_color AS aggregate_color"}}, "severityField": "aggregate_color", "thresholdMode": true, "useGenerated": true}, "locked": false, "label": "Active Directory", "hasRoundMetric": true, "name": "Gauge", "unit": "", "labelFontColor": "#999999", "height": "120", "isDeleted": false, "labelFlag": true, "isSwappable": false, "x": 20, "y": 200, "labelFontSize": "12"}, {"assetId": null, "labelLocation": "bottom", "parent": null, "labelFontFamily": "Roboto, sans-serif", "id": "e3fe00b4-b607-dc6d-3179-9de3359b83ee", "searchFigure": false, "labelFontColor": "#999999", "vizType": null, "isSwappable": false, "stroke": 1, "isDeltaPercentage": true, "width": 650.09375, "bgColor": "#FFFFFF", "statModel": {"thresholdSettingModel": {"metricField": "count", "renderBoundaryMax": 100, "gaugeMin": 0, "isMinStatic": true, "baseSeverityColor": "#99D18B", "gaugeMax": 100, "renderBoundaryMin": 0, "baseSeverityValue": 2, "baseSeverityColorLight": "#DCEFD7", "comparator": ">=", "baseSeverityLabel": "normal", "isMaxStatic": false, "thresholdLevels": [{"severityColorLight": "#DCEFD7", "dynamicParam": 0, "severityLabel": "normal", "severityColor": "#99D18B", "thresholdValue": 0, "severityValue": 2}, {"severityColorLight": "#FEE6C1", "dynamicParam": 0, "severityLabel": "medium", "severityColor": "#FCB64E", "thresholdValue": 50, "severityValue": 4}, {"severityColorLight": "#E5A6A6", "dynamicParam": 0, "severityLabel": "critical", "severityColor": "#B50101", "thresholdValue": 75, "severityValue": 6}], "search": ""}, "whereClause": "", "thresholdLabel": "count", "severityLabel": "NA", "assetId": null, "searchSource": "adhoc", "search": "index=_internal | timechart count", "latest": "now", "dataModel": {"owner_field": "", "datamodel": "", "field": "", "object": ""}, "dataModelStatOp": "", "sparklineEarliest": -3600, "severityColor": "#3c3c3c", "earliest": "-15m", "searches": {"timecompare": {"raw": "index=_internal | timechart count", "generated": "index=_internal | timechart count"}, "timeseries": {"raw": "index=_internal | timechart count", "generated": "index=_internal | timechart count"}, "base": {"raw": "index=_internal | timechart count", "generated": "index=_internal | timechart count"}}, "severityField": "", "thresholdMode": false, "useGenerated": false}, "fontFamily": "Roboto, sans-serif", "locked": false, "label": "", "hasRoundMetric": true, "name": "Text", "unit": "", "drilldownModel": {"useCustomDrilldown": false, "drilldownSettingsModel": {"customUrl": "", "objOwner": "nobody", "objPage": "search", "objId": "", "objType": "default", "params": {}}}, "height": 52.390625, "isDeleted": false, "labelFlag": true, "padding": 0, "fontColor": "#000000", "x": 80, "y": 130, "text": "IT Infrastructure Health - by Department", "fontSize": "36", "labelFontSize": "12"}, {"assetId": "SHKPI-b077849b-2037-4466-bcf9-814db2d26dee", "labelLocation": "bottom", "parent": "b077849b-2037-4466-bcf9-814db2d26dee", "labelFontFamily": "Roboto, sans-serif", "id": "02c2c210-c2ba-a8d4-daac-14b8f6672cbf", "searchFigure": true, "vizType": "gauge", "width": 120, "drilldownModel": {"useCustomDrilldown": false, "drilldownSettingsModel": {"customUrl": "", "objOwner": "nobody", "objPage": "search", "objId": "", "objType": "default", "params": {}}}, "isDeltaPercentage": true, "statModel": {"thresholdSettingModel": {"metricField": "aggregate", "renderBoundaryMax": 100, "gaugeMin": 0, "isMinStatic": true, "baseSeverityColor": "#99D18B", "gaugeMax": 100, "renderBoundaryMin": 0, "baseSeverityValue": 2, "baseSeverityColorLight": "#DCEFD7", "comparator": ">=", "baseSeverityLabel": "normal", "isMaxStatic": false, "thresholdLevels": [{"severityColorLight": "#E5A6A6", "dynamicParam": 0, "severityLabel": "critical", "severityColor": "#B50101", "thresholdValue": 0, "severityValue": 6}, {"severityColorLight": "#FBCBB9", "dynamicParam": 0, "severityLabel": "high", "severityColor": "#F26A35", "thresholdValue": 20, "severityValue": 5}, {"severityColorLight": "#FEE6C1", "dynamicParam": 0, "severityLabel": "medium", "severityColor": "#FCB64E", "thresholdValue": 40, "severityValue": 4}, {"severityColorLight": "#FFF4C5", "dynamicParam": 0, "severityLabel": "low", "severityColor": "#FFE98C", "thresholdValue": 60, "severityValue": 3}, {"severityColorLight": "#DCEFD7", "dynamicParam": 0, "severityLabel": "normal", "severityColor": "#99D18B", "thresholdValue": 80, "severityValue": 2}], "search": ""}, "latest": "now", "whereClause": "", "thresholdLabel": "count", "severityLabel": "NA", "assetId": "SHKPI-b077849b-2037-4466-bcf9-814db2d26dee", "searchSource": "adhoc", "search": "`get_full_itsi_summary_kpi(SHKPI-b077849b-2037-4466-bcf9-814db2d26dee)` `service_level_kpi_only` | head 1 | table alert_value, alert_severity, alert_color | rename alert_value AS aggregate, alert_severity AS aggregate_severity, alert_color AS aggregate_color", "metricField": "aggregate", "dataModel": {"owner_field": "", "datamodel": "", "field": "", "object": ""}, "dataModelStatOp": "", "sparklineEarliest": -3600, "severityColor": "#3c3c3c", "earliest": "-60m", "searches": {"timecompare": {"raw": "`get_full_itsi_summary_kpi(SHKPI-b077849b-2037-4466-bcf9-814db2d26dee)` `service_level_kpi_only` | addinfo | eval mid_time = (info_max_time + info_min_time) / 2 | eval bucket=if(_time < mid_time, \"last_window\", \"current_window\") | stats latest(alert_value) AS aggregate, latest(alert_severity) AS aggregate_severity, latest(alert_color) AS aggregate_color BY bucket | reverse | delta aggregate AS window_delta | search bucket=current_window | eval window_direction=if(window_delta > 0, \"increase\", if(window_delta < 0, \"decrease\", \"none\"))", "generated": "`get_full_itsi_summary_kpi(SHKPI-b077849b-2037-4466-bcf9-814db2d26dee)` `service_level_kpi_only` | addinfo | eval mid_time = (info_max_time + info_min_time) / 2 | eval bucket=if(_time < mid_time, \"last_window\", \"current_window\") | stats latest(alert_value) AS aggregate, latest(alert_severity) AS aggregate_severity, latest(alert_color) AS aggregate_color BY bucket | reverse | delta aggregate AS window_delta | search bucket=current_window | eval window_direction=if(window_delta > 0, \"increase\", if(window_delta < 0, \"decrease\", \"none\"))"}, "timeseries": {"raw": "`get_full_itsi_summary_kpi(SHKPI-b077849b-2037-4466-bcf9-814db2d26dee)` `service_level_kpi_only` | timechart latest(alert_value) AS aggregate, latest(alert_severity) AS aggregate_severity, latest(alert_color) AS aggregate_color", "generated": "`get_full_itsi_summary_kpi(SHKPI-b077849b-2037-4466-bcf9-814db2d26dee)` `service_level_kpi_only` | timechart latest(alert_value) AS aggregate, latest(alert_severity) AS aggregate_severity, latest(alert_color) AS aggregate_color"}, "base": {"raw": "`get_full_itsi_summary_kpi(SHKPI-b077849b-2037-4466-bcf9-814db2d26dee)` `service_level_kpi_only` | head 1 | table alert_value, alert_severity, alert_color | rename alert_value AS aggregate, alert_severity AS aggregate_severity, alert_color AS aggregate_color", "generated": "`get_full_itsi_summary_kpi(SHKPI-b077849b-2037-4466-bcf9-814db2d26dee)` `service_level_kpi_only` | head 1 | table alert_value, alert_severity, alert_color | rename alert_value AS aggregate, alert_severity AS aggregate_severity, alert_color AS aggregate_color"}}, "severityField": "aggregate_color", "thresholdMode": true, "useGenerated": true}, "locked": false, "label": "Database", "hasRoundMetric": true, "name": "Gauge", "unit": "", "labelFontColor": "#999999", "height": "120", "isDeleted": false, "labelFlag": true, "isSwappable": false, "x": 340, "y": 200, "labelFontSize": "12"}, {"assetId": "SHKPI-2eca93d6-59f0-4a09-8d3e-1aa4010a896a", "labelLocation": "bottom", "parent": "2eca93d6-59f0-4a09-8d3e-1aa4010a896a", "labelFontFamily": "Roboto, sans-serif", "id": "9dedcdb4-91d0-763b-9d37-c006c4cfb6f9", "searchFigure": true, "vizType": "gauge", "width": 120, "drilldownModel": {"useCustomDrilldown": false, "drilldownSettingsModel": {"customUrl": "", "objOwner": "nobody", "objPage": "search", "objId": "", "objType": "default", "params": {}}}, "isDeltaPercentage": true, "statModel": {"thresholdSettingModel": {"metricField": "aggregate", "renderBoundaryMax": 100, "gaugeMin": 0, "isMinStatic": true, "baseSeverityColor": "#99D18B", "gaugeMax": 100, "renderBoundaryMin": 0, "baseSeverityValue": 2, "baseSeverityColorLight": "#DCEFD7", "comparator": ">=", "baseSeverityLabel": "normal", "isMaxStatic": false, "thresholdLevels": [{"severityColorLight": "#E5A6A6", "dynamicParam": 0, "severityLabel": "critical", "severityColor": "#B50101", "thresholdValue": 0, "severityValue": 6}, {"severityColorLight": "#FBCBB9", "dynamicParam": 0, "severityLabel": "high", "severityColor": "#F26A35", "thresholdValue": 20, "severityValue": 5}, {"severityColorLight": "#FEE6C1", "dynamicParam": 0, "severityLabel": "medium", "severityColor": "#FCB64E", "thresholdValue": 40, "severityValue": 4}, {"severityColorLight": "#FFF4C5", "dynamicParam": 0, "severityLabel": "low", "severityColor": "#FFE98C", "thresholdValue": 60, "severityValue": 3}, {"severityColorLight": "#DCEFD7", "dynamicParam": 0, "severityLabel": "normal", "severityColor": "#99D18B", "thresholdValue": 80, "severityValue": 2}], "search": ""}, "latest": "now", "whereClause": "", "thresholdLabel": "count", "severityLabel": "NA", "assetId": "SHKPI-2eca93d6-59f0-4a09-8d3e-1aa4010a896a", "searchSource": "adhoc", "search": "`get_full_itsi_summary_kpi(SHKPI-2eca93d6-59f0-4a09-8d3e-1aa4010a896a)` `service_level_kpi_only` | head 1 | table alert_value, alert_severity, alert_color | rename alert_value AS aggregate, alert_severity AS aggregate_severity, alert_color AS aggregate_color", "metricField": "aggregate", "dataModel": {"owner_field": "", "datamodel": "", "field": "", "object": ""}, "dataModelStatOp": "", "sparklineEarliest": -3600, "severityColor": "#3c3c3c", "earliest": "-60m", "searches": {"timecompare": {"raw": "`get_full_itsi_summary_kpi(SHKPI-2eca93d6-59f0-4a09-8d3e-1aa4010a896a)` `service_level_kpi_only` | addinfo | eval mid_time = (info_max_time + info_min_time) / 2 | eval bucket=if(_time < mid_time, \"last_window\", \"current_window\") | stats latest(alert_value) AS aggregate, latest(alert_severity) AS aggregate_severity, latest(alert_color) AS aggregate_color BY bucket | reverse | delta aggregate AS window_delta | search bucket=current_window | eval window_direction=if(window_delta > 0, \"increase\", if(window_delta < 0, \"decrease\", \"none\"))", "generated": "`get_full_itsi_summary_kpi(SHKPI-2eca93d6-59f0-4a09-8d3e-1aa4010a896a)` `service_level_kpi_only` | addinfo | eval mid_time = (info_max_time + info_min_time) / 2 | eval bucket=if(_time < mid_time, \"last_window\", \"current_window\") | stats latest(alert_value) AS aggregate, latest(alert_severity) AS aggregate_severity, latest(alert_color) AS aggregate_color BY bucket | reverse | delta aggregate AS window_delta | search bucket=current_window | eval window_direction=if(window_delta > 0, \"increase\", if(window_delta < 0, \"decrease\", \"none\"))"}, "timeseries": {"raw": "`get_full_itsi_summary_kpi(SHKPI-2eca93d6-59f0-4a09-8d3e-1aa4010a896a)` `service_level_kpi_only` | timechart latest(alert_value) AS aggregate, latest(alert_severity) AS aggregate_severity, latest(alert_color) AS aggregate_color", "generated": "`get_full_itsi_summary_kpi(SHKPI-2eca93d6-59f0-4a09-8d3e-1aa4010a896a)` `service_level_kpi_only` | timechart latest(alert_value) AS aggregate, latest(alert_severity) AS aggregate_severity, latest(alert_color) AS aggregate_color"}, "base": {"raw": "`get_full_itsi_summary_kpi(SHKPI-2eca93d6-59f0-4a09-8d3e-1aa4010a896a)` `service_level_kpi_only` | head 1 | table alert_value, alert_severity, alert_color | rename alert_value AS aggregate, alert_severity AS aggregate_severity, alert_color AS aggregate_color", "generated": "`get_full_itsi_summary_kpi(SHKPI-2eca93d6-59f0-4a09-8d3e-1aa4010a896a)` `service_level_kpi_only` | head 1 | table alert_value, alert_severity, alert_color | rename alert_value AS aggregate, alert_severity AS aggregate_severity, alert_color AS aggregate_color"}}, "severityField": "aggregate_color", "thresholdMode": true, "useGenerated": true}, "locked": false, "label": "Telecom", "hasRoundMetric": true, "name": "Gauge", "unit": "", "labelFontColor": "#999999", "height": "120", "isDeleted": false, "labelFlag": true, "isSwappable": false, "x": 500, "y": 380, "labelFontSize": "12"}, {"assetId": "SHKPI-8fe7d167-4037-40aa-8f18-c1abb23611b1", "labelLocation": "bottom", "parent": "8fe7d167-4037-40aa-8f18-c1abb23611b1", "labelFontFamily": "Roboto, sans-serif", "id": "4f82d497-95d9-143b-7896-179a064aa561", "searchFigure": true, "vizType": "gauge", "width": 120, "drilldownModel": {"useCustomDrilldown": false, "drilldownSettingsModel": {"customUrl": "", "objOwner": "nobody", "objPage": "search", "objId": "", "objType": "default", "params": {}}}, "isDeltaPercentage": true, "statModel": {"thresholdSettingModel": {"metricField": "aggregate", "renderBoundaryMax": 100, "gaugeMin": 0, "isMinStatic": true, "baseSeverityColor": "#99D18B", "gaugeMax": 100, "renderBoundaryMin": 0, "baseSeverityValue": 2, "baseSeverityColorLight": "#DCEFD7", "comparator": ">=", "baseSeverityLabel": "normal", "isMaxStatic": false, "thresholdLevels": [{"severityColorLight": "#E5A6A6", "dynamicParam": 0, "severityLabel": "critical", "severityColor": "#B50101", "thresholdValue": 0, "severityValue": 6}, {"severityColorLight": "#FBCBB9", "dynamicParam": 0, "severityLabel": "high", "severityColor": "#F26A35", "thresholdValue": 20, "severityValue": 5}, {"severityColorLight": "#FEE6C1", "dynamicParam": 0, "severityLabel": "medium", "severityColor": "#FCB64E", "thresholdValue": 40, "severityValue": 4}, {"severityColorLight": "#FFF4C5", "dynamicParam": 0, "severityLabel": "low", "severityColor": "#FFE98C", "thresholdValue": 60, "severityValue": 3}, {"severityColorLight": "#DCEFD7", "dynamicParam": 0, "severityLabel": "normal", "severityColor": "#99D18B", "thresholdValue": 80, "severityValue": 2}], "search": ""}, "latest": "now", "whereClause": "", "thresholdLabel": "count", "severityLabel": "NA", "assetId": "SHKPI-8fe7d167-4037-40aa-8f18-c1abb23611b1", "searchSource": "adhoc", "search": "`get_full_itsi_summary_kpi(SHKPI-8fe7d167-4037-40aa-8f18-c1abb23611b1)` `service_level_kpi_only` | head 1 | table alert_value, alert_severity, alert_color | rename alert_value AS aggregate, alert_severity AS aggregate_severity, alert_color AS aggregate_color", "metricField": "aggregate", "dataModel": {"owner_field": "", "datamodel": "", "field": "", "object": ""}, "dataModelStatOp": "", "sparklineEarliest": -3600, "severityColor": "#3c3c3c", "earliest": "-60m", "searches": {"timecompare": {"raw": "`get_full_itsi_summary_kpi(SHKPI-8fe7d167-4037-40aa-8f18-c1abb23611b1)` `service_level_kpi_only` | addinfo | eval mid_time = (info_max_time + info_min_time) / 2 | eval bucket=if(_time < mid_time, \"last_window\", \"current_window\") | stats latest(alert_value) AS aggregate, latest(alert_severity) AS aggregate_severity, latest(alert_color) AS aggregate_color BY bucket | reverse | delta aggregate AS window_delta | search bucket=current_window | eval window_direction=if(window_delta > 0, \"increase\", if(window_delta < 0, \"decrease\", \"none\"))", "generated": "`get_full_itsi_summary_kpi(SHKPI-8fe7d167-4037-40aa-8f18-c1abb23611b1)` `service_level_kpi_only` | addinfo | eval mid_time = (info_max_time + info_min_time) / 2 | eval bucket=if(_time < mid_time, \"last_window\", \"current_window\") | stats latest(alert_value) AS aggregate, latest(alert_severity) AS aggregate_severity, latest(alert_color) AS aggregate_color BY bucket | reverse | delta aggregate AS window_delta | search bucket=current_window | eval window_direction=if(window_delta > 0, \"increase\", if(window_delta < 0, \"decrease\", \"none\"))"}, "timeseries": {"raw": "`get_full_itsi_summary_kpi(SHKPI-8fe7d167-4037-40aa-8f18-c1abb23611b1)` `service_level_kpi_only` | timechart latest(alert_value) AS aggregate, latest(alert_severity) AS aggregate_severity, latest(alert_color) AS aggregate_color", "generated": "`get_full_itsi_summary_kpi(SHKPI-8fe7d167-4037-40aa-8f18-c1abb23611b1)` `service_level_kpi_only` | timechart latest(alert_value) AS aggregate, latest(alert_severity) AS aggregate_severity, latest(alert_color) AS aggregate_color"}, "base": {"raw": "`get_full_itsi_summary_kpi(SHKPI-8fe7d167-4037-40aa-8f18-c1abb23611b1)` `service_level_kpi_only` | head 1 | table alert_value, alert_severity, alert_color | rename alert_value AS aggregate, alert_severity AS aggregate_severity, alert_color AS aggregate_color", "generated": "`get_full_itsi_summary_kpi(SHKPI-8fe7d167-4037-40aa-8f18-c1abb23611b1)` `service_level_kpi_only` | head 1 | table alert_value, alert_severity, alert_color | rename alert_value AS aggregate, alert_severity AS aggregate_severity, alert_color AS aggregate_color"}}, "severityField": "aggregate_color", "thresholdMode": true, "useGenerated": true}, "locked": false, "label": "Cloud Compute", "hasRoundMetric": true, "name": "Gauge", "unit": "", "labelFontColor": "#999999", "height": "120", "isDeleted": false, "labelFlag": true, "isSwappable": false, "x": 93, "y": 558, "labelFontSize": "12"}, {"assetId": "SHKPI-0e11bf81-9bdf-4d95-b92b-6318631d538b", "labelLocation": "bottom", "parent": "0e11bf81-9bdf-4d95-b92b-6318631d538b", "labelFontFamily": "Roboto, sans-serif", "id": "cf4d2a89-8364-8986-8283-b495d967cccb", "searchFigure": true, "vizType": "gauge", "width": 120, "drilldownModel": {"useCustomDrilldown": false, "drilldownSettingsModel": {"customUrl": "", "objOwner": "nobody", "objPage": "search", "objId": "", "objType": "default", "params": {}}}, "isDeltaPercentage": true, "statModel": {"thresholdSettingModel": {"metricField": "aggregate", "renderBoundaryMax": 100, "gaugeMin": 0, "isMinStatic": true, "baseSeverityColor": "#99D18B", "gaugeMax": 100, "renderBoundaryMin": 0, "baseSeverityValue": 2, "baseSeverityColorLight": "#DCEFD7", "comparator": ">=", "baseSeverityLabel": "normal", "isMaxStatic": false, "thresholdLevels": [{"severityColorLight": "#E5A6A6", "dynamicParam": 0, "severityLabel": "critical", "severityColor": "#B50101", "thresholdValue": 0, "severityValue": 6}, {"severityColorLight": "#FBCBB9", "dynamicParam": 0, "severityLabel": "high", "severityColor": "#F26A35", "thresholdValue": 20, "severityValue": 5}, {"severityColorLight": "#FEE6C1", "dynamicParam": 0, "severityLabel": "medium", "severityColor": "#FCB64E", "thresholdValue": 40, "severityValue": 4}, {"severityColorLight": "#FFF4C5", "dynamicParam": 0, "severityLabel": "low", "severityColor": "#FFE98C", "thresholdValue": 60, "severityValue": 3}, {"severityColorLight": "#DCEFD7", "dynamicParam": 0, "severityLabel": "normal", "severityColor": "#99D18B", "thresholdValue": 80, "severityValue": 2}], "search": ""}, "latest": "now", "whereClause": "", "thresholdLabel": "count", "severityLabel": "NA", "assetId": "SHKPI-0e11bf81-9bdf-4d95-b92b-6318631d538b", "searchSource": "adhoc", "search": "`get_full_itsi_summary_kpi(SHKPI-0e11bf81-9bdf-4d95-b92b-6318631d538b)` `service_level_kpi_only` | head 1 | table alert_value, alert_severity, alert_color | rename alert_value AS aggregate, alert_severity AS aggregate_severity, alert_color AS aggregate_color", "metricField": "aggregate", "dataModel": {"owner_field": "", "datamodel": "", "field": "", "object": ""}, "dataModelStatOp": "", "sparklineEarliest": -3600, "severityColor": "#3c3c3c", "earliest": "-60m", "searches": {"timecompare": {"raw": "`get_full_itsi_summary_kpi(SHKPI-0e11bf81-9bdf-4d95-b92b-6318631d538b)` `service_level_kpi_only` | addinfo | eval mid_time = (info_max_time + info_min_time) / 2 | eval bucket=if(_time < mid_time, \"last_window\", \"current_window\") | stats latest(alert_value) AS aggregate, latest(alert_severity) AS aggregate_severity, latest(alert_color) AS aggregate_color BY bucket | reverse | delta aggregate AS window_delta | search bucket=current_window | eval window_direction=if(window_delta > 0, \"increase\", if(window_delta < 0, \"decrease\", \"none\"))", "generated": "`get_full_itsi_summary_kpi(SHKPI-0e11bf81-9bdf-4d95-b92b-6318631d538b)` `service_level_kpi_only` | addinfo | eval mid_time = (info_max_time + info_min_time) / 2 | eval bucket=if(_time < mid_time, \"last_window\", \"current_window\") | stats latest(alert_value) AS aggregate, latest(alert_severity) AS aggregate_severity, latest(alert_color) AS aggregate_color BY bucket | reverse | delta aggregate AS window_delta | search bucket=current_window | eval window_direction=if(window_delta > 0, \"increase\", if(window_delta < 0, \"decrease\", \"none\"))"}, "timeseries": {"raw": "`get_full_itsi_summary_kpi(SHKPI-0e11bf81-9bdf-4d95-b92b-6318631d538b)` `service_level_kpi_only` | timechart latest(alert_value) AS aggregate, latest(alert_severity) AS aggregate_severity, latest(alert_color) AS aggregate_color", "generated": "`get_full_itsi_summary_kpi(SHKPI-0e11bf81-9bdf-4d95-b92b-6318631d538b)` `service_level_kpi_only` | timechart latest(alert_value) AS aggregate, latest(alert_severity) AS aggregate_severity, latest(alert_color) AS aggregate_color"}, "base": {"raw": "`get_full_itsi_summary_kpi(SHKPI-0e11bf81-9bdf-4d95-b92b-6318631d538b)` `service_level_kpi_only` | head 1 | table alert_value, alert_severity, alert_color | rename alert_value AS aggregate, alert_severity AS aggregate_severity, alert_color AS aggregate_color", "generated": "`get_full_itsi_summary_kpi(SHKPI-0e11bf81-9bdf-4d95-b92b-6318631d538b)` `service_level_kpi_only` | head 1 | table alert_value, alert_severity, alert_color | rename alert_value AS aggregate, alert_severity AS aggregate_severity, alert_color AS aggregate_color"}}, "severityField": "aggregate_color", "thresholdMode": true, "useGenerated": true}, "locked": false, "label": "SAAS - Overall", "hasRoundMetric": true, "name": "Gauge", "unit": "", "labelFontColor": "#999999", "height": "120", "isDeleted": false, "labelFlag": true, "isSwappable": false, "x": 580, "y": 558, "labelFontSize": "12"}, {"assetId": "SHKPI-b7676977-7932-4c72-8cb3-bc108ccb337a", "labelLocation": "bottom", "parent": "b7676977-7932-4c72-8cb3-bc108ccb337a", "labelFontFamily": "Roboto, sans-serif", "id": "5c86c0c9-0f42-0907-952a-32f2a04aac6e", "searchFigure": true, "vizType": "gauge", "width": 120, "drilldownModel": {"useCustomDrilldown": false, "drilldownSettingsModel": {"customUrl": "", "objOwner": "nobody", "objPage": "search", "objId": "", "objType": "default", "params": {}}}, "isDeltaPercentage": true, "statModel": {"thresholdSettingModel": {"metricField": "aggregate", "renderBoundaryMax": 100, "gaugeMin": 0, "isMinStatic": true, "baseSeverityColor": "#99D18B", "gaugeMax": 100, "renderBoundaryMin": 0, "baseSeverityValue": 2, "baseSeverityColorLight": "#DCEFD7", "comparator": ">=", "baseSeverityLabel": "normal", "isMaxStatic": false, "thresholdLevels": [{"severityColorLight": "#E5A6A6", "dynamicParam": 0, "severityLabel": "critical", "severityColor": "#B50101", "thresholdValue": 0, "severityValue": 6}, {"severityColorLight": "#FBCBB9", "dynamicParam": 0, "severityLabel": "high", "severityColor": "#F26A35", "thresholdValue": 20, "severityValue": 5}, {"severityColorLight": "#FEE6C1", "dynamicParam": 0, "severityLabel": "medium", "severityColor": "#FCB64E", "thresholdValue": 40, "severityValue": 4}, {"severityColorLight": "#FFF4C5", "dynamicParam": 0, "severityLabel": "low", "severityColor": "#FFE98C", "thresholdValue": 60, "severityValue": 3}, {"severityColorLight": "#DCEFD7", "dynamicParam": 0, "severityLabel": "normal", "severityColor": "#99D18B", "thresholdValue": 80, "severityValue": 2}], "search": ""}, "metricField": "aggregate", "whereClause": "", "thresholdLabel": "count", "severityLabel": "NA", "assetId": "SHKPI-b7676977-7932-4c72-8cb3-bc108ccb337a", "searchSource": "adhoc", "search": "`get_full_itsi_summary_kpi(SHKPI-b7676977-7932-4c72-8cb3-bc108ccb337a)` `service_level_kpi_only` | head 1 | table alert_value, alert_severity, alert_color | rename alert_value AS aggregate, alert_severity AS aggregate_severity, alert_color AS aggregate_color", "latest": "now", "dataModel": {"owner_field": "", "datamodel": "", "field": "", "object": ""}, "dataModelStatOp": "0", "sparklineEarliest": -3600, "severityColor": "#3c3c3c", "earliest": "-60m", "searches": {"timecompare": {"raw": "`get_full_itsi_summary_kpi(SHKPI-b7676977-7932-4c72-8cb3-bc108ccb337a)` `service_level_kpi_only` | addinfo | eval mid_time = (info_max_time + info_min_time) / 2 | eval bucket=if(_time < mid_time, \"last_window\", \"current_window\") | stats latest(alert_value) AS aggregate, latest(alert_severity) AS aggregate_severity, latest(alert_color) AS aggregate_color BY bucket | reverse | delta aggregate AS window_delta | search bucket=current_window | eval window_direction=if(window_delta > 0, \"increase\", if(window_delta < 0, \"decrease\", \"none\"))", "generated": "`get_full_itsi_summary_kpi(SHKPI-b7676977-7932-4c72-8cb3-bc108ccb337a)` `service_level_kpi_only` | addinfo | eval mid_time = (info_max_time + info_min_time) / 2 | eval bucket=if(_time < mid_time, \"last_window\", \"current_window\") | stats latest(alert_value) AS aggregate, latest(alert_severity) AS aggregate_severity, latest(alert_color) AS aggregate_color BY bucket | reverse | delta aggregate AS window_delta | search bucket=current_window | eval window_direction=if(window_delta > 0, \"increase\", if(window_delta < 0, \"decrease\", \"none\"))"}, "timeseries": {"raw": "`get_full_itsi_summary_kpi(SHKPI-b7676977-7932-4c72-8cb3-bc108ccb337a)` `service_level_kpi_only` | timechart latest(alert_value) AS aggregate, latest(alert_severity) AS aggregate_severity, latest(alert_color) AS aggregate_color", "generated": "`get_full_itsi_summary_kpi(SHKPI-b7676977-7932-4c72-8cb3-bc108ccb337a)` `service_level_kpi_only` | timechart latest(alert_value) AS aggregate, latest(alert_severity) AS aggregate_severity, latest(alert_color) AS aggregate_color"}, "base": {"raw": "`get_full_itsi_summary_kpi(SHKPI-b7676977-7932-4c72-8cb3-bc108ccb337a)` `service_level_kpi_only` | head 1 | table alert_value, alert_severity, alert_color | rename alert_value AS aggregate, alert_severity AS aggregate_severity, alert_color AS aggregate_color", "generated": "`get_full_itsi_summary_kpi(SHKPI-b7676977-7932-4c72-8cb3-bc108ccb337a)` `service_level_kpi_only` | head 1 | table alert_value, alert_severity, alert_color | rename alert_value AS aggregate, alert_severity AS aggregate_severity, alert_color AS aggregate_color"}}, "severityField": "aggregate_color", "thresholdMode": true, "useGenerated": true}, "locked": false, "label": "Networking", "hasRoundMetric": true, "name": "Gauge", "unit": "", "labelFontColor": "#999999", "height": "120", "labelFlag": true, "isSwappable": false, "x": 20, "y": 380, "labelFontSize": "12"}], "acl": {"can_write": true, "can_share_global": true, "can_share_user": true, "perms": {"write": ["*"], "read": ["*"]}, "can_share_app": true, "owner": "mdonnelly", "sharing": "app", "can_change_perms": true, "modifiable": true}, "_owner": "nobody", "_version": "3.0.1", "latest_label": "Now", "mod_time": "2017-10-28 15:51:25", "title": "IT Infrastructure Health", "is_epoch": false, "_key": "86f25887-bc32-11e7-b143-005056a511b0", "latest": "now", "svg_coordinates": {"viewdx": -311, "viewdy": 8}, "interactable": true, "object_type": "glass_table", "_user": "nobody", "description": "", "mod_timestamp": "2018-01-18T02:41:29.848864+00:00", "mod_source": "REST"}]